<?xml version="1.0" encoding="UTF-8"?>
<beans:beans xmlns="http://www.springframework.org/schema/mvc"
	xmlns:xsi="http://www.w3.org/2001/XMLSchema-instance"
	xmlns:beans="http://www.springframework.org/schema/beans"
	xmlns:context="http://www.springframework.org/schema/context"
	xmlns:aop="http://www.springframework.org/schema/aop"
	xsi:schemaLocation="http://www.springframework.org/schema/mvc https://www.springframework.org/schema/mvc/spring-mvc.xsd
		http://www.springframework.org/schema/beans https://www.springframework.org/schema/beans/spring-beans.xsd
		http://www.springframework.org/schema/context https://www.springframework.org/schema/context/spring-context.xsd
		http://www.springframework.org/schema/aop http://www.springframework.org/schema/aop/spring-aop-4.3.xsd">

	<!-- DispatcherServlet Context: defines this servlet's request-processing infrastructure -->
	<!-- 환경설정 객체 만들기 -->
	<beans:bean class="org.springframework.beans.factory.config.PropertyPlaceholderConfigurer">
		<beans:property name="location" value="classpath:/application.properties"/>
		<beans:property name="fileEncoding" value="utf-8"/>
	</beans:bean>
	
	<!-- Enables the Spring MVC @Controller programming model -->
	<annotation-driven />

	<!-- Handles HTTP GET requests for /resources/** by efficiently serving up static resources in the ${webappRoot}/resources directory -->
	<resources mapping="/resources/**" location="/resources/" />
	<!-- 파일저장경로 (윈도우) -->
	<resources mapping="/savedir/**" location="file:///C:/javaprogramming/savedir/" />
	<!-- 파일저장경로 (리눅스) -->
	<!-- <resources mapping="/savedir/**" location="file:///var/lib/tomcat9/webapps/savedir/" /> -->
	
	<!-- Resolves views selected for rendering by @Controllers to .jsp resources in the /WEB-INF/views directory -->
	<beans:bean class="org.springframework.web.servlet.view.InternalResourceViewResolver">
		<beans:property name="prefix" value="/WEB-INF/views/" />
		<beans:property name="suffix" value=".jsp" />
	</beans:bean>
	
	<context:component-scan base-package="com.mycompany.mypizza" />
	
	<!-- 파일을 업로드 처리하는 객체 -->
	<beans:bean id="multipartResolver" class="org.springframework.web.multipart.commons.CommonsMultipartResolver">
		<beans:property name="maxUploadSize" value="10485760"/> <!-- 최대사이즈 10mb : 1024*1024*10 -->
	</beans:bean>
	
	<!-- aop설정을 통해서 자동으로 proxy객체 생성 : 로깅출력, 트랜잭션 관리-->
	<aop:aspectj-autoproxy/>
	
</beans:beans>
