<?xml version="1.0" encoding="UTF-8"?>
<!DOCTYPE mapper
  PUBLIC "-//mybatis.org//DTD Mapper 3.0//EN"
  "http://mybatis.org/dtd/mybatis-3-mapper.dtd">
  
<mapper namespace="com.mycompany.mypizza.BoardMapper">
	<!-- useGeneratedKeys="true" keyProperty="bnum" : 자동으로 생성된 키를 bnum에 set-->
	<insert id="insert" parameterType="Board" useGeneratedKeys="true" keyProperty="bnum">
		INSERT INTO board(email,subject,content)
		VALUES (#{email}, #{subject}, #{content})
	</insert>
	<update id="update">
		UPDATE board
		SET email =#{email},
			subject = #{subject},
			content =#{content},
			modidate = now()
		WHERE bnum = #{bnum}
	</update>
	

	
	<delete id="delete">
		DELETE FROM board
		WHERE bnum = #{bnum}
	</delete>
	
	
	<select id="selectOne" resultType="Board">
		SELECT  * FROM board
		WHERE bnum = #{bnum}
		
		
	</select>
	
	<select id="selectList" resultType="Board">
		select * from board
			<include refid="find"/>  
		order by bnum desc
		limit #{startNum} , #{perPage}

	</select>
	
 	<!-- 전체게시물수 구하기 -->
	 <select id="selectTotalCnt" resultType="int">
		SELECT COUNT(*) totalCnt FROM board
		
	</select>  
	
	<sql id="find">
		<if test="findkey =='email'">
			where email LIKE  concat('%' , #{findvalue} , '%')
		</if>
		<if test="findkey =='subject'">
			where subject LIKE concat('%' , #{findvalue} , '%')
		</if>
		<if test="findkey =='content'">
			where content LIKE concat('%' , #{findvalue} , '%')
		</if>		
		<if test="findkey=='subcon'">
			where (subject LIKE concat('%' , #{findvalue} , '%')
			   or content LIKE concat('%' , #{findvalue} , '%'))
		</if>	
	
	</sql>
	
	
	<!-- 조회수 + 1 -->
	<update id="updateReadCnt">
		UPDATE board
		SET readcnt = readcnt +1
		WHERE bnum = #{bnum}
	</update>
	
	<!-- 좋아요 + 1 -->
	<update id="updateLikeCnt">
		UPDATE board
		SET likecnt = likecnt +1
		WHERE bnum = #{bnum}
	</update>
	
	<!-- 싫어요 + 1 -->
	<update id="updateDisLikeCnt">
		UPDATE board
		SET dislikecnt = dislikecnt +1
		WHERE bnum = #{bnum}
	
	</update>
	
	
	
	
	
	
</mapper>  