<?xml version="1.0" encoding="UTF-8"?>
<!DOCTYPE mapper
  PUBLIC "-//mybatis.org//DTD Mapper 3.0//EN"
  "http://mybatis.org/dtd/mybatis-3-mapper.dtd">
  
<mapper namespace="com.mycompany.mypizza.ReplyMapper">
	<insert id="insert">
		INSERT INTO reply(bnum ,email, content, ip, restep, relevel)
		VALUES(#{bnum}, #{email}, #{content},#{ip}, #{restep},#{relevel})
	</insert>
	<update id="update">
		UPDATE reply
		SET content=#{content},
			ip = #{ip},
			modidate = now()
		WHERE rnum = #{rnum}
	</update>
	<delete id="delete">
		DELETE FROM reply
		WHERE rnum = #{rnum}
	</delete>
	<select id="selectOne" resultType="Reply">
		SELECT * FROM reply
		WHERE rnum = #{rnum}
	</select>
	<select id="selectList" resultType="Reply">
		SELECT * FROM reply
		WHERE bnum = #{bnum}
		ORDER BY restep
	</select>
	
	
	<!-- 글순서를 재수정(restep+1) -->
	<update id="updateRestep">
		UPDATE reply
		SET restep= restep+1
		WHERE bnum = #{bnum}
		AND restep >= #{restep}
	</update>
	
	
</mapper>  